company_name,tier,sub_sector,geography,town,postcode,employee_count_estimate,website,careers_portal,contact_name,contact_title,contact_email,email_confidence,source_url,personalisation_hook,excluded_reason,date_scoped,status
"Rickard Luckin","A","Corporate finance / M&A advisory","South Essex (Southend core)","Leigh-on-Sea","SS9 2AD","","https://rickardluckin.co.uk","no","Mark Brooks","Corporate Finance Director","enquiries@rickardluckin.co.uk","generic","https://rickardluckin.co.uk/corporate-finance","Regional Chartered firm whose dedicated corporate finance team advises on M&A, MBOs, company valuations and fundraising; opened a Leigh-on-Sea office in 2025.","","2026-07-22",""
"Strategic IFA Ltd","A","IFA / financial planning","South Essex (Southend core)","Southend-on-Sea","SS1 1EF","","https://www.strategicifa.co.uk","no","Oliver Moore","Managing Director","enquiries@strategicifa.co.uk","generic","https://www.strategicifa.co.uk/about","Fully independent Chartered financial planning firm on Nelson Street led by MD Oliver Moore, a Certified Financial Planner and Chartered Wealth Manager with 30+ years experience.","","2026-07-22",""
"Strategic IFA Ltd","A","IFA / financial planning","South Essex (Southend core)","Southend-on-Sea","SS1 1EF","","https://www.strategicifa.co.uk","no","Gary Walsh","Chartered Financial Adviser","enquiries@strategicifa.co.uk","generic","https://www.strategicifa.co.uk/about","Fully independent Chartered financial planning firm on Nelson Street; adviser Gary Walsh is a Certified Financial Planner and Chartered FCSI.","","2026-07-22",""
"Cervello Financial Planning","A","Chartered financial planning","South Essex (Southend core)","Southend-on-Sea","SS2 6HZ","~9","https://www.cervellofp.co.uk","no","Chris Daems","Owner / Chartered Financial Planner","chrisdaems@cervellofp.co.uk","inferred","https://www.cervellofp.co.uk/who-we-are/","[email pattern: firstnamelastname@cervellofp.co.uk] Directly FCA-authorised independent Chartered Financial Planners on Baxter Avenue advising affluent professionals across Thorpe Bay and Southend.","","2026-07-22",""
"Infinity Financial Planning","A","IFA / financial planning","South Essex (Southend core)","Leigh-on-Sea","SS9 5PR","","https://www.infinityfp.co.uk","no","Gary Brown","Chartered Financial Planner","info@infinityfp.co.uk","generic","https://www.infinityfp.co.uk/about/","Independent financial planners based at The Old Gasworks, Leigh-on-Sea, with a combined 60+ years advising experience.","","2026-07-22",""
"Essex Financial Planners UK Ltd","A","IFA / financial planning","South Essex (Southend core)","Westcliff-on-Sea","SS0 7LX","","https://www.essexfp.com","no","Raymond Waterman","Managing Director","enquiries@essexfp.com","generic","https://essexfp.com/contact-us/","Whole-of-market IFA on Hamlet Court Road founded in 2001 by managing director Ray Waterman.","","2026-07-22",""
"Barbac Payne Wealth Management Ltd","A","Private wealth management (SJP)","South Essex (Southend core)","Westcliff-on-Sea","SS0 0BY","","https://partnership.sjp.co.uk/partner/barbacpaynewm","no","Barbac Payne","Principal","","","https://partnership.sjp.co.uk/partner/barbacpaynewm","St. James's Place practice in Westcliff specialising in pensions and final-salary pension transfers, established 2018.","","2026-07-22",""
"Erica Hay Wealth Management","A","Private wealth management (SJP)","South Essex (Southend core)","Leigh-on-Sea","","","https://partnership.sjp.co.uk/partner/ericahay","no","Erica Hay","Principal","","","https://partnership.sjp.co.uk/partner/ericahay","St. James's Place practice in Leigh-on-Sea; adviser Erica Hay has 30 years financial-services experience across personal and business clients.","","2026-07-22",""
"Rosewood Financial Planning Ltd","A","Financial planning","South Essex (Southend core)","Westcliff-on-Sea","SS0 9XU","","https://rosewoodfp.co.uk","no","Charlotte Snook","Director","","","https://find-and-update.company-information.service.gov.uk/company/12233220/officers","Fixed-fee financial planning practice focused on midlife women and couples.","","2026-07-22",""
"Jury Financial Solutions Ltd","A","Private wealth management (SJP)","South Essex (Southend core)","Southend-on-Sea","SS1 3PS","","https://partnership.sjp.co.uk/partner/stephenjury","no","Stephen Jury","Principal","","","https://partnership.sjp.co.uk/partner/stephenjury","St. James's Place practice in Thorpe Bay; adviser Stephen Jury draws on 24 years investment experience from BlackRock and Liberum Capital.","","2026-07-22",""
"Mason Wealth Management","A","Private wealth management (SJP)","South Essex (Southend core)","Leigh-on-Sea","","","https://partnership.sjp.co.uk/partner/masonwm","no","Darren Mason","Principal","","","https://partnership.sjp.co.uk/partner/masonwm","St. James's Place practice in Leigh-on-Sea; adviser Darren Mason has 25+ years in financial services offering lifestyle financial planning.","","2026-07-22",""
"Lightblue UK Limited","A","IFA / financial planning","South Essex (Southend core)","Westcliff-on-Sea","SS0 9UR","","https://www.lightblueuk.com","no","Michael Coleman","Director","info@lightblueuk.com","generic","https://find-and-update.company-information.service.gov.uk/company/05228731/officers","Long-established (2004) Westcliff IFA specialising in pension and retirement advice.","","2026-07-22",""
"Lightblue UK Limited","A","IFA / financial planning","South Essex (Southend core)","Westcliff-on-Sea","SS0 9UR","","https://www.lightblueuk.com","no","Mark Dennison","Director","info@lightblueuk.com","generic","https://find-and-update.company-information.service.gov.uk/company/05228731/officers","Long-established (2004) Westcliff IFA specialising in pension and retirement advice.","","2026-07-22",""
"TBL Accountants","B","Chartered accountancy","South Essex (Southend core)","Southend-on-Sea","SS1 2PH","","https://tblaccountants.co.uk","no","Paul Stafford","Partner","info@tblaccountants.co.uk","generic","https://tblaccountants.co.uk/southend-office/","Independent Chartered Certified Accountants on Southchurch Road, Southend, with over 50 years serving local owner-managed businesses.","","2026-07-22",""
"TBL Accountants","B","Chartered accountancy","South Essex (Southend core)","Southend-on-Sea","SS1 2PH","","https://tblaccountants.co.uk","no","Lisa Keith","Partner","info@tblaccountants.co.uk","generic","https://tblaccountants.co.uk/southend-office/","Independent Chartered Certified Accountants on Southchurch Road, Southend, with over 50 years serving local owner-managed businesses.","","2026-07-22",""
"MCL Accountants (Maclean Carmichael Ltd)","B","Chartered accountancy","South Essex (Southend core)","Leigh-on-Sea","SS9 2AF","~12","https://mcl.accountants","no","Lee Carmichael","Founder","lee.carmichael@macleancarmichael.co.uk","published","https://mcl.accountants/","Chartered Certified Accountants (Maclean Carmichael t/a MCL) with offices in Leigh, Thorpe Bay and Southend; 150+ years combined experience.","","2026-07-22",""
"MCL Accountants (Maclean Carmichael Ltd)","B","Chartered accountancy","South Essex (Southend core)","Leigh-on-Sea","SS9 2AF","~12","https://mcl.accountants","no","Ishan Madan","","ishan.madan@macleancarmichael.co.uk","published","https://mcl.accountants/","Chartered Certified Accountants (Maclean Carmichael t/a MCL) with offices in Leigh, Thorpe Bay and Southend; 150+ years combined experience.","","2026-07-22",""
"Segrave & Partners LLP","B","Chartered accountancy / audit","South Essex (Southend core)","Leigh-on-Sea","SS9 2UA","","https://www.segrave.co.uk","no","Alan Pateman","Partner","info@segrave.co.uk","generic","https://find-and-update.company-information.service.gov.uk/company/OC336277","Chartered Accountants and Statutory Auditors at Turnpike House, Leigh-on-Sea, established 40+ years with six partners.","","2026-07-22",""
"Segrave & Partners LLP","B","Chartered accountancy / audit","South Essex (Southend core)","Leigh-on-Sea","SS9 2UA","","https://www.segrave.co.uk","no","Ian Hay","Partner","info@segrave.co.uk","generic","https://find-and-update.company-information.service.gov.uk/company/OC336277","Chartered Accountants and Statutory Auditors at Turnpike House, Leigh-on-Sea, established 40+ years with six partners.","","2026-07-22",""
"Clouders (Audit & Accounts) Limited","B","Chartered accountancy","South Essex (Southend core)","Leigh-on-Sea","SS9 1JL","","https://www.clouders.co.uk","no","Sam Bailey","Director","admin@clouders.co.uk","generic","https://www.clouders.co.uk/about","Independent Chartered Certified Accountants at Charter House, Leigh Road, Leigh-on-Sea.","","2026-07-22",""
"Clouders (Audit & Accounts) Limited","B","Chartered accountancy","South Essex (Southend core)","Leigh-on-Sea","SS9 1JL","","https://www.clouders.co.uk","no","Chris Binnie","Director","admin@clouders.co.uk","generic","https://www.clouders.co.uk/about","Independent Chartered Certified Accountants at Charter House, Leigh Road, Leigh-on-Sea.","","2026-07-22",""
"ARB Accountants (Arbed Accountancy Services Ltd)","B","Chartered accountancy","South Essex (Southend core)","Westcliff-on-Sea","SS0 7JG","","https://arb.accountants","no","Saurabh Bedi","Director","info@arb.accountants","generic","https://arb.accountants/meet-the-team/","ACCA-regulated chartered accountancy on London Road, Westcliff, working with 100+ local businesses; Xero and QuickBooks certified.","","2026-07-22",""
"A R Lee & Co","B","Chartered accountancy","South Essex (Southend core)","Southend-on-Sea","","~8","https://arlee.co.uk","no","","","info@arlee.co.uk","generic","https://arlee.co.uk/about-us/","Two-partner firm of Chartered Certified Accountants on Clarence Street, Southend, established 1970.","","2026-07-22",""
"Abraham & Associates","B","Accountancy / tax","South Essex (Southend core)","Southend-on-Sea","SS1 1BH","","https://www.abrahamandassociates.co.uk","no","","","info@abrahamandassociates.co.uk","generic","https://www.abrahamandassociates.co.uk/","Accountants and tax consultants for owner-managed businesses at Ebenezer House, Clarence Street, Southend.","","2026-07-22",""
"Man & Co (Man & Co Tax Services Ltd)","B","Chartered accountancy / audit","South Essex (Southend core)","Westcliff-on-Sea","SS0 7LP","","https://mancouk.com","no","Victor Man","Director","info@mancouk.com","generic","https://find-and-update.company-information.service.gov.uk/company/07983309/officers","Chartered Accountants and Registered Auditor on Hamlet Court Road, Westcliff, specialising in UK businesses of Far Eastern origin.","","2026-07-22",""
"LBH Insurance (Leslie B Holmes Securities Ltd)","B","Insurance broking","South Essex (Southend core)","Southend-on-Sea","SS1 2PE","","https://www.lbhinsurance.co.uk","no","Kevin Fell","Director","enquiries@lbhinsurance.co.uk","generic","https://find-and-update.company-information.service.gov.uk/company/00473495/officers","Independent insurance broker on Southchurch Road, Southend, established 1949 and a BIBA member.","","2026-07-22",""
"Ashburnham Insurance Services Ltd","B","Insurance broking (commercial)","South Essex (Southend core)","Southend-on-Sea","SS1 1PG","","https://www.ashburnham-insurance.co.uk","no","Anthony Fassenfelt","Director","insure@ashburnham-insurance.co.uk","generic","https://www.ashburnham-insurance.co.uk/about-us/","Independent commercial insurance broker at 80 London Road, Southend, trading since 1995.","","2026-07-22",""
"Coversure Southend (Cooper Sheldrick Ltd)","B","Insurance broking (commercial)","South Essex (Southend core)","Leigh-on-Sea","SS9 3LB","","https://www.coversure.co.uk/southend/","no","Lee Sheldrick","Principal","southend@coversure.co.uk","generic","https://www.coversure.co.uk/southend/","Independent, family-owned commercial insurance broker (Cooper Sheldrick Ltd) on London Road, Leigh-on-Sea, established 2016.","","2026-07-22",""
"Booth & Co","B","Chartered certified accountancy practice","South Essex (Basildon/Brentwood belt)","Brentwood","CM15 8AG","","https://www.boothandco.co.uk","no","Paul Booth","Founder / Principal Accountant","info@boothandco.co.uk","generic","https://www.boothandco.co.uk/why_us/about_us.php","Founded the Brentwood practice in 2006 after a 30-plus year accountancy career.","","2026-07-22",""
"Michael Letch & Partners LLP","B","Chartered accountancy practice with corporate finance / MBO advisory","South Essex (Basildon/Brentwood belt)","Billericay","CM12 9DF","","https://www.michaelletch.co.uk","no","Michael Letch","Partner","","","https://www.michaelletch.co.uk/about-us/meet-the-team","Founder trained at a Big Four firm and specialises in corporation tax, management buyouts and corporate finance.","","2026-07-22",""
"Nokes & Co Accountants","B","Chartered certified accountancy practice","South Essex (Basildon/Brentwood belt)","Billericay","CM12 0DU","","https://nokesandco.co.uk","no","Bradley Kaylor","Director","","","https://nokesandco.co.uk/about-us/","Family-owned accountancy practice on Radford Crescent, Billericay.","","2026-07-22",""
"Stanton & Co Accountants","B","Chartered accountancy practice (small business focus)","South Essex (Basildon/Brentwood belt)","Brentwood","CM15 9SG","","https://stantonaccountants.com","no","Ben Stanton","Director","info@stantonaccountants.com","generic","https://stantonaccountants.com/contact","Family-run practice at Suffolk House Business Park serving sole traders and small businesses.","","2026-07-22",""
"Chartwells Accountants","B","Chartered accountancy & audit practice","South Essex (Basildon/Brentwood belt)","Wickford","SS12 9JR","","https://www.chartwells.org.uk","no","Donna Westwood","Director (Founder)","","","https://find-and-update.company-information.service.gov.uk/company/04764091/officers","Founded Chartwells in 1999.","","2026-07-22",""
"Chartwells Accountants","B","Chartered accountancy & audit practice","South Essex (Basildon/Brentwood belt)","Wickford","SS12 9JR","","https://www.chartwells.org.uk","no","Christopher Goldie","Director","","","https://find-and-update.company-information.service.gov.uk/company/04764091/officers","Joined the firm in 2019 and was appointed director in 2021.","","2026-07-22",""
"Robert Lewis & Redbond Accountants","B","Chartered accountancy practice","South Essex (Basildon/Brentwood belt)","Basildon","SS14 3JJ","20-50","https://www.rlagroup.net","no","","","","","https://www.rlagroup.net/","Multi-award-winning Basildon accountancy practice, around 33 staff.","","2026-07-22",""
"Multiply Accountancy","B","Chartered accountancy & business advisory (ICAEW)","South Essex (Basildon/Brentwood belt)","Wickford","SS11 8DD","","https://multiplyaccountancy.co.uk","no","Chris Conway","Director (Co-founder)","chris@multiply.team","published","https://multiplyaccountancy.co.uk/about/team/","Co-founded Multiply in 2018 after nearly a decade at a large London audit firm.","","2026-07-22",""
"Multiply Accountancy","B","Chartered accountancy & business advisory (ICAEW)","South Essex (Basildon/Brentwood belt)","Wickford","SS11 8DD","","https://multiplyaccountancy.co.uk","no","James Moggeridge","Director (Co-founder)","james@multiply.team","published","https://multiplyaccountancy.co.uk/about/team/","Co-founded Multiply in 2018 after 13 years at a large London audit firm.","","2026-07-22",""
"Berkeley Townsend","B","Chartered accountancy practice","South Essex (Basildon/Brentwood belt)","Brentwood","CM15 8NL","","https://www.berkeleytownsend.com","no","David Aquino","Managing Director","","","https://www.berkeleytownsend.com/our-team.html","Practice runs an in-house legal department alongside its accountancy services.","","2026-07-22",""
"Berkeley Townsend","B","Chartered accountancy practice","South Essex (Basildon/Brentwood belt)","Brentwood","CM15 8NL","","https://www.berkeleytownsend.com","no","Lee Ogden","Director (FCCA)","","","https://www.berkeleytownsend.com/our-team.html","","","2026-07-22",""
"In Front Accounting","B","Accountancy practice","South Essex (Basildon/Brentwood belt)","Brentwood","CM14 4RR","","https://infrontaccounting.co.uk","no","","","contact@in-front.co.uk","generic","https://infrontaccounting.co.uk/","","","2026-07-22",""
"Crocus Wealth","A","Chartered financial planners / wealth management","South Essex (Basildon/Brentwood belt)","Billericay","CM12 0EQ","","https://www.crocuswealth.co.uk","no","Gareth Heath","Managing Director","","","https://www.crocuswealth.co.uk/meet_the_team.php","Chartered Financial Planners firm based at Lake Meadows Business Park, Billericay.","","2026-07-22",""
"Crocus Wealth","A","Chartered financial planners / wealth management","South Essex (Basildon/Brentwood belt)","Billericay","CM12 0EQ","","https://www.crocuswealth.co.uk","no","Stephen Bilton","Director & Chartered Financial Planner","","","https://www.crocuswealth.co.uk/planners/stephen-bilton","","","2026-07-22",""
"Sterling & Law (Brentwood)","A","Independent financial advice / wealth management","South Essex (Basildon/Brentwood belt)","Brentwood","CM15 8BE","","https://sterlingandlaw-brentwood.co.uk","no","Laurence Sanderson","Independent Financial Adviser (Practice Principal)","laurence@sterlingandlaw.com","published","https://sterlingandlaw-brentwood.co.uk/","Brentwood practice adviser, DipPFS and Cert CII qualified.","","2026-07-22",""
"Sterling & Law (Billericay)","A","Independent financial advice / wealth management","South Essex (Basildon/Brentwood belt)","Billericay","","","https://sterlingandlaw-billericay.co.uk","no","Paddy Denning","Practice Principal & Chartered Financial Planner","p.denning@sterlingandlaw.com","published","https://sterlingandlaw-billericay.co.uk/about-us/","Chartered Financial Planner and Fellow of the Personal Finance Society leading the Billericay practice.","","2026-07-22",""
"Abacus Wealth Planning","A","Independent financial advisers (IFA)","South Essex (Basildon/Brentwood belt)","Brentwood","CM14 4DB","","https://www.abacuswealthplanning.com","no","","","","","https://www.abacuswealthplanning.com/","Brentwood IFA whose principal (Adrian) holds Chartered Financial Planner status; covers pensions, investments and estate planning.","","2026-07-22",""
"Oakwood Asset Management","A","Asset / wealth management","South Essex (Basildon/Brentwood belt)","Brentwood","CM13 1AB","","https://www.oakwoodassetmanagement.co.uk","no","","","","","https://www.oakwoodassetmanagement.co.uk/","Administration office in Hutton, Brentwood.","","2026-07-22",""
"Clear Financial Advice","A","Independent financial advisers (IFA)","South Essex (Basildon/Brentwood belt)","Billericay","CM11 1PU","","https://www.clearifa.com","no","","","info@clearifa.com","generic","https://www.clearifa.com/","IFA based in Ramsden Heath, Billericay.","","2026-07-22",""
"Bond Lovis Insurance Brokers","B","Commercial & personal insurance broker","South Essex (Basildon/Brentwood belt)","Basildon","SS14 3DS","","https://www.bondlovis.co.uk","no","","","enquiries@bondlovis.co.uk","generic","https://www.bondlovis.co.uk/insurance-brokers-in-essex.html","Essex insurance broker operating for over 50 years (trading name of Abbey Insurance Brokers Ltd).","","2026-07-22",""
"Ignite Insurance Brokers","B","Commercial / fleet insurance broker","South Essex (Basildon/Brentwood belt)","Basildon","SS14 3HX","","https://igniteinsurance.uk","no","Barry Abrams","Founder","quoteme@igniteinsurance.uk","generic","https://igniteinsurance.uk/","Founder featured in Tech Round's Founder of the Week series (October 2025).","","2026-07-22",""
"Solstar Insurance Brokers","B","Property / commercial insurance broker","South Essex (Basildon/Brentwood belt)","Billericay","CM12 0EQ","","https://solstarinsurancebrokers.co.uk","no","","","insurance@solstarinsurance.co.uk","generic","https://solstarinsurancebrokers.co.uk/contact/","Specialist property-owner and commercial broker (trading style of Bright Star Financial Ltd).","","2026-07-22",""
"Morgan Marine Insurance","B","Specialist marine insurance broker","South Essex (Basildon/Brentwood belt)","Laindon","SS15 6AG","","https://www.morganmarineinsurance.co.uk","no","","","","","https://www.morganmarineinsurance.co.uk/","Specialist broker for pleasure craft, yachts and jet skis, based at New Century House, Laindon.","","2026-07-22",""
"Skyline FX","B","Boutique foreign exchange / cross-border payments (fintech-adjacent)","South Essex (Basildon/Brentwood belt)","Basildon","SS14 3JJ","2-10","https://skyline-fx.com","no","","","","","https://skyline-fx.com/","Boutique FX firm offering dedicated dealers and rates that can be fixed up to a year ahead.","","2026-07-22",""
"Brents Insurance","B","Commercial insurance broker","South Essex (Basildon/Brentwood belt)","Brentwood","CM14 4DR","","https://brentsinsurance.co.uk","no","Stuart Hulbert","Joint Managing Director","insure@brentsinsurance.co.uk","generic","https://brentsinsurance.co.uk/about-us/","Joint MD with 38+ years in insurance broking; ACII Chartered Insurance Broker (trading as Brents of Brentwood Ltd).","","2026-07-22",""
"Brents Insurance","B","Commercial insurance broker","South Essex (Basildon/Brentwood belt)","Brentwood","CM14 4DR","","https://brentsinsurance.co.uk","no","Chris Jones","Joint Managing Director","insure@brentsinsurance.co.uk","generic","https://brentsinsurance.co.uk/about-us/","Joint MD, ACII Chartered Insurance Broker with 23 years in commercial insurance.","","2026-07-22",""
"ESW Chartered Accountants","B","Accountancy practice","South Essex (Rochford/Rayleigh belt)","Rayleigh","SS6 7BS","","https://www.esw.co.uk","no","Shane Wills","Director","info@esw.co.uk","generic","https://find-and-update.company-information.service.gov.uk/company/03216855/officers","Long-established (incorporated 1996) ICAEW-registered High Street practice; Shane Wills has been a director since inception in 1996.","","2026-07-22",""
"ESW Chartered Accountants","B","Accountancy practice","South Essex (Rochford/Rayleigh belt)","Rayleigh","SS6 7BS","","https://www.esw.co.uk","no","Stephen Cracknell","Director","info@esw.co.uk","generic","https://find-and-update.company-information.service.gov.uk/company/03216855/officers","Co-director of this independent Rayleigh chartered accountancy at 162-164 High Street, ICAEW-registered.","","2026-07-22",""
"J D McDavitt Accountants","B","Accountancy practice","South Essex (Rochford/Rayleigh belt)","Rayleigh","","","https://www.jdmcdavitt.co.uk","no","Jon McDavitt","Director","info@jdmcdavitt.co.uk","generic","https://www.jdmcdavitt.co.uk/","Chartered certified practice established 2007; director Jon McDavitt has nearly 20 years' experience focused on SMEs.","","2026-07-22",""
"West-Webbe Associates","B","Accountancy & audit","South Essex (Rochford/Rayleigh belt)","Canvey Island","SS8 9HB","","http://www.west-webbe.co.uk","no","","","info@west-webbe.co.uk","generic","http://www.west-webbe.co.uk/","Chartered certified accountants and registered auditors serving sole traders, SMEs, charities and LLPs from Canvey Island.","","2026-07-22",""
"Kingstons Wealth Management","A","Wealth management / financial planning","South Essex (Rochford/Rayleigh belt)","Rochford","SS4 3AH","","https://www.kingstonsfinancial.com","no","Deborah Kingston","Director","enquiries@kingstonsfinancial.com","generic","https://find-and-update.company-information.service.gov.uk/company/09705742/officers","Rochford lifestyle financial planning and wealth management firm (FCA 714745), also offering will & trust planning.","","2026-07-22",""
"Kingstons Wealth Management","A","Wealth management / financial planning","South Essex (Rochford/Rayleigh belt)","Rochford","SS4 3AH","","https://www.kingstonsfinancial.com","no","Janet Clements","Director","enquiries@kingstonsfinancial.com","generic","https://find-and-update.company-information.service.gov.uk/company/09705742/officers","Co-director of this Rochford-based wealth management practice (26 Dorset Gardens) since 2015.","","2026-07-22",""
"MSB Rayleigh","B","Accountancy practice","South Essex (Rochford/Rayleigh belt)","Rayleigh","SS6 8JQ","","https://www.msbrayleigh.com","no","Mark Beckford","Director","enquiries@msbrayleigh.com","generic","https://find-and-update.company-information.service.gov.uk/company/10692759/officers","Rayleigh accountancy practice (MSB House, Websters Way) for self-employed and SMEs, part of the MSB group across Basildon/Canvey/Southend.","","2026-07-22",""
"KFH Accounting","B","Accountancy practice","South Essex (Rochford/Rayleigh belt)","Hadleigh","SS7 2BN","","https://kfhaccounting.co.uk","no","Kylie Fieldhouse","Director","enquiries@kfhaccountingltd.co.uk","generic","https://kfhaccounting.co.uk/","ICAEW chartered practice led by Kylie Fieldhouse, specialising in e-commerce and product/service SMEs across Hadleigh, Rayleigh and London.","","2026-07-22",""
"Golding Accountancy","B","Accountancy practice","South Essex (Rochford/Rayleigh belt)","Rayleigh","SS6 7JD","","https://wearegolding.com","no","Anthony Burrell","Tax Director","info@wearegolding.com","generic","https://wearegolding.com/","Tax director at Rayleigh-HQ'd Golding Accountancy, a Xero/Dext firm serving construction/CIS, e-commerce and content creators.","","2026-07-22",""
"Golding Accountancy","B","Accountancy practice","South Essex (Rochford/Rayleigh belt)","Rayleigh","SS6 7JD","","https://wearegolding.com","no","Ian Butler","Director","info@wearegolding.com","generic","https://wearegolding.com/","Founding director/accountant of Golding Accountancy (15 Eastwood Road, Rayleigh), serving SMEs across Rayleigh, Leigh and Southend.","","2026-07-22",""
"Maynard Heady LLP","B","Accountancy & audit","South Essex (Rochford/Rayleigh belt)","Canvey Island","SS8 9DE","5-10 partners","https://www.maynard-heady.co.uk","no","Robert Wybrow","Partner","rjw@maynard-heady.co.uk","published","https://www.maynard-heady.co.uk/team/","Partner at Canvey Island chartered accountancy LLP (Matrix House) that also offers audit, probate, trusts & executorships and personal tax.","","2026-07-22",""
"Maynard Heady LLP","B","Accountancy & audit","South Essex (Rochford/Rayleigh belt)","Canvey Island","SS8 9DE","5-10 partners","https://www.maynard-heady.co.uk","no","Adam Cohen","Partner","agc@maynard-heady.co.uk","published","https://www.maynard-heady.co.uk/team/","Partner (FCA) at this Canvey Island LLP of chartered accountants and registered auditors.","","2026-07-22",""
"Maynard Heady LLP","B","Accountancy & audit","South Essex (Rochford/Rayleigh belt)","Canvey Island","SS8 9DE","5-10 partners","https://www.maynard-heady.co.uk","no","Nick Bragg","Partner","njb@maynard-heady.co.uk","published","https://www.maynard-heady.co.uk/team/","Partner (ACA) at Maynard Heady LLP, an ICAEW audit-registered Canvey Island practice.","","2026-07-22",""
"Eden Independent Financial Advisers","A","IFA / financial planning","South Essex (Rochford/Rayleigh belt)","Rayleigh","SS6 7BY","","https://www.eden-ifa.com","no","Anthony Eden","Director / Founder","anthonyeden@edenifa.com","published","https://www.eden-ifa.com/","Family-run Rayleigh IFA established 1978 (FCA 479792), advising on pensions, investments, protection and equity release; note email domain is edenifa.com.","","2026-07-22",""
"Sterling & Law (Rayleigh)","A","IFA / wealth planning","South Essex (Rochford/Rayleigh belt)","Rayleigh","SS6 8EP","","https://sterlingandlaw-rayleigh.co.uk","no","Paddy Denning","Financial Adviser / Principal","p.denning@sterlingandlaw.com","published","https://sterlingandlaw-rayleigh.co.uk/","Runs the Rayleigh independent wealth-planning office (148 Hockley Road) within the Sterling & Law network, FCA 216784.","","2026-07-22",""
"CMIS Independent Financial Advisers","A","Chartered financial planning / IFA","South Essex (Rochford/Rayleigh belt)","Rayleigh","","3 advisers","https://cmisifa.co.uk","no","David Boone","Director / Chartered Financial Planner","info@cmisifa.co.uk","generic","https://cmisifa.co.uk/about-us/","Co-founded Rayleigh chartered financial planners CMIS (est. 1988, Chartered status 2008, FCA 826849); advises on retirement, pensions and investments.","","2026-07-22",""
"Nelmo & Co","B","Accountancy practice","South Essex (Rochford/Rayleigh belt)","Canvey Island","SS8 0DD","3","https://www.nelmo.co.uk","no","Louis Cartey","Director","info@nelmo.co.uk","generic","https://find-and-update.company-information.service.gov.uk/company/07552479","Director/accountant of Canvey Island practice (Amber Business Park, Charfleets) serving SMEs across Canvey and South Woodham Ferrers.","","2026-07-22",""
"Fairview Financial Management","A","Chartered financial planning / IFA","South Essex (Rochford/Rayleigh belt)","Rayleigh","SS6 7EW","5","https://fairviewifa.co.uk","no","Ross Lacey","Director / Chartered Financial Planner","info@fairviewifa.co.uk","generic","https://fairviewifa.co.uk/team-members/ross-lacey/","Director of Rayleigh chartered financial planners (AR of 2plan, FCA 976151) specialising in retirement, business owners and life-event planning; Ross Lacey is a known financial commentator.","","2026-07-22",""
"Hill Allen (Wickford)","B","Accountancy practice","South Essex (Rochford/Rayleigh belt)","Wickford","SS11 8AW","","https://www.hillallenaccountants.co.uk","no","Michael Hogg","Director","info@hillallenaccountants.co.uk","generic","https://find-and-update.company-information.service.gov.uk/company/06369670/officers","Sole director of Wickford chartered & certified practice (Riverside Court, Lower Southend Road) with 20+ years and a construction-sector specialism.","","2026-07-22",""
"BLW Insurance Brokers","B","Insurance broker (Lloyd's)","South Essex (Rochford/Rayleigh belt)","Rochford","SS4 1BB","","https://blwinsurance.com","no","Mark Gilbert","Director","info@blwinsurance.com","generic","https://find-and-update.company-information.service.gov.uk/company/01022249/officers","Rochford-HQ'd registered Lloyd's broker (Cottis House, Locks Hill) serving commercial clients and regional brokers; Mark Gilbert leads the schemes & affinities business.","","2026-07-22",""
"BLW Insurance Brokers","B","Insurance broker (Lloyd's)","South Essex (Rochford/Rayleigh belt)","Rochford","SS4 1BB","","https://blwinsurance.com","no","Emma Louise Emerson","Director","info@blwinsurance.com","generic","https://find-and-update.company-information.service.gov.uk/company/01022249/officers","Appointed a main-board director of this Rochford Lloyd's broker in 2026, bringing commercial and specialty insurance expertise.","","2026-07-22",""
"Redwood Insurance Brokers","B","Insurance broker","South Essex (Rochford/Rayleigh belt)","Rayleigh","SS6 7UP","8","https://www.redwoodbusiness.com","no","Stephen Hartley","Director / Founder","info@redwoodbusiness.com","generic","https://find-and-update.company-information.service.gov.uk/company/04143803/officers","Founded this family-run Rayleigh commercial broker (Vantage House) in 2001; covers wholesalers/manufacturers, motor fleet, property owners and PI.","","2026-07-22",""
"Redwood Insurance Brokers","B","Insurance broker","South Essex (Rochford/Rayleigh belt)","Rayleigh","SS6 7UP","8","https://www.redwoodbusiness.com","no","Paul Ayrton","Director","info@redwoodbusiness.com","generic","https://find-and-update.company-information.service.gov.uk/company/04143803/officers","Co-director of Redwood Insurance Brokers, a Rayleigh FCA-regulated commercial and personal lines brokerage.","","2026-07-22",""
"Newsome Wealth Management","A","Wealth management (SJP)","South Essex (Rochford/Rayleigh belt)","Wickford","SS11 7GD","","https://www.newsomewealthmanagement.co.uk","no","Matthew Newsome","Director","info@newsomewealthmanagement.co.uk","generic","https://www.newsomewealthmanagement.co.uk/","Wickford-area adviser (Runwell, St Luke's Park) focused on pension consolidation, retirement and investment planning; a St. James's Place Partner Practice.","","2026-07-22",""
"Murphy Collins","B","Accountancy & business advisory","South Essex (Rochford/Rayleigh belt)","Rochford","SS4 1AS","","https://www.murphycollins.co.uk","no","Steven Collins","Director","info@murphycollins.co.uk","generic","https://find-and-update.company-information.service.gov.uk/company/15677260/officers","Co-founded Rochford accountancy & business advisory practice (Sovereign House, West Street) in 2024, blending accounts with growth advisory.","","2026-07-22",""
"Murphy Collins","B","Accountancy & business advisory","South Essex (Rochford/Rayleigh belt)","Rochford","SS4 1AS","","https://www.murphycollins.co.uk","no","Andrew Murphy","Director","info@murphycollins.co.uk","generic","https://find-and-update.company-information.service.gov.uk/company/15677260/officers","Co-director of Murphy Collins, a Rochford-based owner-managed-business accountancy and advisory firm.","","2026-07-22",""
"First Class Financial Solutions","A","IFA / mortgage brokerage","South Essex (Rochford/Rayleigh belt)","Wickford","SS11 8YB","4-5","https://fcfs.org.uk","no","Martin Stone","Director / Founder","martin.stone@fcfs.org.uk","published","https://fcfs.org.uk/our_team","Founded Wickford IFA & mortgage brokerage (Woodland Place, Hurricane Way) in 2006 after 30 years in banking; advises personal and commercial clients. [email pattern: firstname.surname@fcfs.org.uk]","","2026-07-22",""
"Blue Ocean Independent Financial Planning","A","IFA / financial planning","South Essex (Rochford/Rayleigh belt)","Wickford","SS11 8LT","","https://blueoceanifp.co.uk","no","Manish Sengar","Director","info@blueoceanifp.co.uk","generic","https://find-and-update.company-information.service.gov.uk/company/11816795/officers","Sole director of Wickford chartered independent financial adviser (Blue Ocean IFP, FCA 835512); advises on retirement, investments, equity release and final-salary transfers.","","2026-07-22",""
"Cooper & Co","B","Accountancy & tax","South Essex (Grays/Thurrock)","Grays","RM17 5TX","","https://www.cctax.co.uk","no","Clare Cooper","Partner (FCCA)","mail@cctax.co.uk","generic","https://www.cctax.co.uk/meet-the-team","Partner since 1994; firm has served Essex clients for over 50 years.","","2026-07-22",""
"Cooper & Co","B","Accountancy & tax","South Essex (Grays/Thurrock)","Grays","RM17 5TX","","https://www.cctax.co.uk","no","Robert Baxter","Partner (FCCA)","mail@cctax.co.uk","generic","https://www.cctax.co.uk/meet-the-team","Partner since 1994; qualified auditor handling limited companies, clubs and charities.","","2026-07-22",""
"Rosser Accountants Ltd","B","Accountancy & tax","South Essex (Grays/Thurrock)","Grays","RM17 6BU","","https://rosseraccountants.co.uk","no","Ian Swycher","Director & Owner","info@rosseraccountants.co.uk","generic","https://rosseraccountants.co.uk/our-team/","Director/owner and practising chartered accountant with 20+ years' experience running the Bridge Road practice.","","2026-07-22",""
"Brookes Accounting Services Ltd","B","Accountancy & tax","South Essex (Grays/Thurrock)","Grays","RM17 5DL","","https://www.brookesaccounting.co.uk","no","Tammy Headley","Principal / Chartered Tax Adviser","info@brookesaccounting.co.uk","generic","https://www.brookesaccounting.co.uk/","Family-run practice; licensed Chartered Tax Adviser (CIOT licence 1003245) specialising in small businesses.","","2026-07-22",""
"CR Bland Baker Ltd","B","Accountancy & corporate finance","South Essex (Grays/Thurrock)","Grays","RM17 5RY","","https://clayratnage.co.uk","no","Steven James Garrod","Director","info@blandbaker.co.uk","generic","https://find-and-update.company-information.service.gov.uk/company/13794273/officers","Established in Thurrock in 1979; advises SMEs on accounts, corporate finance and business growth (now part of the Clay Ratnage group).","","2026-07-22",""
"Trueman Brown Chartered Accountants","B","Accountancy & tax","South Essex (Grays/Thurrock)","South Ockendon","RM15 6EU","","https://truemanbrown.co.uk","no","Mark","Principal","mark@truemanbrown.co.uk","published","https://truemanbrown.co.uk/contact-us/","Principal's direct email is published on the site; local chartered firm serving South Ockendon, Grays and Tilbury SMEs.","","2026-07-22",""
"Coversure Insurance Services (Thurrock)","B","Insurance broker","South Essex (Grays/Thurrock)","Grays","RM17 6DZ","","https://www.coversure.co.uk","no","","","Thurrock@coversure.co.uk","generic","https://www.coversure.co.uk","Community commercial/personal insurance broker at 143 William Street, Grays; independently run Coversure branch.","","2026-07-22",""
"Wrightsure Services Ltd","B","Insurance broker","South Essex (Grays/Thurrock)","West Thurrock","RM20 3LH","","https://www.wrightsure.com","no","David Graham","Managing Director","","","https://www.wrightsure.com/contact/essex-location","Independent commercial broker (founded 1975, haulage/coach specialist); MD David Graham is based at the Grays/West Thurrock office (Wrightsure House).","","2026-07-22",""
"Bull Wealth Management Ltd","A","Private wealth management (SJP)","South Essex (Grays/Thurrock)","Grays","RM17 5TB","","https://www.bullwm.co.uk","no","Mark Bull","Principal","","","https://www.bullwm.co.uk/","Small St. James's Place Partner Practice run by Mark Bull; local wealth-planning office in Grays.","","2026-07-22",""
"Thomas Oliver UK LLP (Grays office)","B","Mortgage & financial advice","South Essex (Grays/Thurrock)","Grays","RM17 6LY","","https://www.thomasoliveruk.co.uk","no","Marian Isciuc","Mortgage Broker & Financial Adviser","","","https://www.thomasoliveruk.co.uk/mortgage-advisers-brokers-in-grays","Grays office at the Thurrock Centre for Business, 2 George Street; appointed representative of The Openwork Partnership.","","2026-07-22",""
"Sterling & Law Group plc","A","Wealth management / IFA","City/Canary Wharf (Essex office)","Chelmsford","","","https://www.sterlingandlaw.com","no","Daniel Mayman","Independent Financial Adviser (Chelmsford)","dan@sterlingandlaw.com","published","https://www.sterlingandlaw.com/locations/independent-financial-adviser-chelmsford/","City-registered wealth firm (110 Bishopsgate, EC2N 4AY) that names a Chelmsford Essex office; Dan Mayman is the local IFA (dir. line 01245 602 129).","","2026-07-22",""
"CBHC Ltd","B","Chartered accountancy & business advisory","South Essex (Chelmsford)","Chelmsford","CM1 1NH","","https://www.cbhc.uk.com","no","Ian Harris","CEO","ian.harris@cbhc.uk.com","published","https://www.cbhc.uk.com/about-us/meet-the-team/","ICAEW-registered Chelmsford accountancy and business-advisory firm at Steeple House, Church Lane; offers strategic/corporate finance advice","","2026-07-22",""
"CBHC Ltd","B","Chartered accountancy & business advisory","South Essex (Chelmsford)","Chelmsford","CM1 1NH","","https://www.cbhc.uk.com","no","Peter Sartain","Director","peter.sartain@cbhc.uk.com","published","https://www.cbhc.uk.com/about-us/meet-the-team/","FCCA director at CBHC, Chelmsford chartered accountancy & business advisory practice","","2026-07-22",""
"CBHC Ltd","B","Chartered accountancy & business advisory","South Essex (Chelmsford)","Chelmsford","CM1 1NH","","https://www.cbhc.uk.com","no","Daniel Munro","Director","daniel.munro@cbhc.uk.com","published","https://www.cbhc.uk.com/about-us/meet-the-team/","FCCA director at CBHC, Chelmsford chartered accountancy & business advisory practice","","2026-07-22",""
"Optimum Financial Solutions","A","IFA / financial planning","South Essex (Chelmsford)","Chelmsford","CM2 6LU","","https://www.optimumfinancial.co.uk","no","Peter Sharman","Director","peter@optimumfinancial.co.uk","published","https://www.optimumfinancial.co.uk/ouradvisers.php","Independent financial advisers based at 72-74 Wharf Road, Chelmsford","","2026-07-22",""
"Optimum Financial Solutions","A","IFA / financial planning","South Essex (Chelmsford)","Chelmsford","CM2 6LU","","https://www.optimumfinancial.co.uk","no","Chris Ellis","Director","chris@optimumfinancial.co.uk","published","https://www.optimumfinancial.co.uk/ouradvisers.php","Director (Dip PFS, IMC) at Chelmsford IFA on Wharf Road","","2026-07-22",""
"Delta Wealth Management (Chelmsford) Ltd","A","Wealth management (SJP Appointed Representative)","South Essex (Chelmsford)","Boreham","CM3 3AN","","https://www.deltachelmsford.co.uk","no","Daniel Harris","Director","","","https://www.deltachelmsford.co.uk/","St. James's Place Partner Practice at The Gatehouse, Chantry Lane, Boreham, Chelmsford (SJP Appointed Representative)","","2026-07-22",""
"Edmund Carr LLP","B","Chartered accountancy & tax","South Essex (Chelmsford)","Chelmsford","CM2 0AW","","https://www.edmund-carr.co.uk","no","Stewart Paul Martin","Partner (LLP Designated Member)","","","https://find-and-update.company-information.service.gov.uk/company/OC333955/officers","Long-established seven-partner Chelmsford chartered accountancy firm at 146 New London Road; website returned anti-bot 403 so members verified via Companies House","","2026-07-22",""
"Edmund Carr LLP","B","Chartered accountancy & tax","South Essex (Chelmsford)","Chelmsford","CM2 0AW","","https://www.edmund-carr.co.uk","no","Thomas York","Partner (LLP Designated Member)","","","https://find-and-update.company-information.service.gov.uk/company/OC333955/officers","Partner at Edmund Carr LLP, 146 New London Road, Chelmsford; verified via Companies House (site 403)","","2026-07-22",""
"Mayor Cuttle & Co Ltd","B","Chartered accountancy & tax","South Essex (Chelmsford)","Chelmsford","CM2 0AD","","https://www.mayorcuttle.co.uk","no","Joanne Sara Brace","Director","","","https://find-and-update.company-information.service.gov.uk/company/15258973/officers","Chelmsford chartered accountancy firm established in the 1920s; site returned anti-bot 403, directors verified via Companies House","","2026-07-22",""
"Mayor Cuttle & Co Ltd","B","Chartered accountancy & tax","South Essex (Chelmsford)","Chelmsford","CM2 0AD","","https://www.mayorcuttle.co.uk","no","Stephen William Evans","Director","","","https://find-and-update.company-information.service.gov.uk/company/15258973/officers","Director of long-standing Chelmsford accountancy firm Mayor Cuttle & Co; verified via Companies House (site 403)","","2026-07-22",""
"Financial Service Solutions","A","IFA / financial planning & insurance broking","South Essex (Chelmsford)","Chelmsford","","","https://www.financialservicesolutions.co.uk","no","Jabez Persaud","Principal & Managing Director","","","https://www.financialservicesolutions.co.uk/about-us","Family-run Chelmsford IFA, insurance and commercial-mortgage brokerage (45+ years in business); Appointed Representative of New Leaf Distribution","","2026-07-22",""
"Ascend Broking Group Ltd","B","Commercial insurance broker","South Essex (Chelmsford)","Chelmsford","CM2 5LB","11-50","https://ascendbroking.co.uk","no","Matthew Collins","Managing Director & Founder","matthew.collins@ascendbroking.co.uk","published","https://ascendbroking.co.uk/about-us/our-people","Founded Ascend in 2017; ~30-staff independent commercial broker at Springfield Lyons Approach, Chelmsford Business Park (acquired by Inflexion 2026, operates independently)","","2026-07-22",""
"Ascend Broking Group Ltd","B","Commercial insurance broker","South Essex (Chelmsford)","Chelmsford","CM2 5LB","11-50","https://ascendbroking.co.uk","no","Matt Price","Broking Director","matt.price@ascendbroking.co.uk","published","https://ascendbroking.co.uk/about-us/our-people","Broking Director at Chelmsford commercial insurance broker Ascend Broking Group","","2026-07-22",""
"Ascend Broking Group Ltd","B","Commercial insurance broker","South Essex (Chelmsford)","Chelmsford","CM2 5LB","11-50","https://ascendbroking.co.uk","no","Jo Fowler","Finance Director","jo.fowler@ascendbroking.co.uk","published","https://ascendbroking.co.uk/about-us/our-people","Finance Director at Chelmsford commercial insurance broker Ascend Broking Group","","2026-07-22",""
"Fiducia Wealth Management Ltd","A","IFA / discretionary investment management","South Essex (Chelmsford)","Chelmsford","CM1 1HT","","https://www.fiduciawealth.co.uk","no","Gordon Kearney","Managing Director & Financial Adviser","","","https://www.fiduciawealth.co.uk/about/our-team/","Multi-award-winning chartered IFA & investment manager (HQ Colchester) with a Chelmsford office at Saxon House, 27 Duke Street","","2026-07-22",""
"Fiducia Wealth Management Ltd","A","IFA / discretionary investment management","South Essex (Chelmsford)","Chelmsford","CM1 1HT","","https://www.fiduciawealth.co.uk","no","Susie Laws","Director & Chartered Financial Planner","","","https://www.fiduciawealth.co.uk/about/our-team/","Director and Chartered Financial Planner at Fiducia Wealth Management (Chelmsford office at Saxon House, Duke Street)","","2026-07-22",""
"Blackwater Wealth Management Ltd","A","Wealth management (SJP Senior Partner Practice)","South Essex (Chelmsford)","South Woodham Ferrers","CM3 5NG","","https://www.blackwaterwealthmanagement.co.uk","no","Samantha Mawdsley","Managing Director","","","https://www.blackwaterwealthmanagement.co.uk/about/meet-the-team/listing","St. James's Place Senior Partner Practice at 46 Hullbridge Road, South Woodham Ferrers (Chelmsford CM3)","","2026-07-22",""
"Blackwater Wealth Management Ltd","A","Wealth management (SJP Senior Partner Practice)","South Essex (Chelmsford)","South Woodham Ferrers","CM3 5NG","","https://www.blackwaterwealthmanagement.co.uk","no","Gregory Mawdsley","Adviser","","","https://www.blackwaterwealthmanagement.co.uk/about/meet-the-team/listing","Adviser at Blackwater Wealth Management, an SJP practice in South Woodham Ferrers","","2026-07-22",""
"Birkett Long IFA LLP","A","IFA / financial planning","South Essex (Chelmsford)","Chelmsford","CM1 1SW","","https://www.birkettlongifa.co.uk","no","Paul Chilver","Director, Financial Planning Manager","enquiry@birkettlong.co.uk","generic","https://www.birkettlongifa.co.uk/site/people/profile/paul.chilver","Independent financial advice arm of Birkett Long with a Chelmsford office at Hyatt Place, 50-60 Broomfield Road (Chilver is a director of the IFA LLP, based at the Colchester office)","","2026-07-22",""
"Advance Wealth Limited","A","Wealth planning / financial planning","South Essex (Chelmsford)","Chelmsford","CM1 7EQ","","https://www.advancewealth.co.uk","no","Chris Clark","Managing Director & Senior Wealth Planner","advice@advancewealth.co.uk","generic","https://www.advancewealth.co.uk/meet-our-financial-advisers","Chelmsford wealth-planning firm at The Mise Centre, Broomfield Place, 189 Main Road","","2026-07-22",""
"Advance Wealth Limited","A","Wealth planning / financial planning","South Essex (Chelmsford)","Chelmsford","CM1 7EQ","","https://www.advancewealth.co.uk","no","Stephen May","Senior Wealth Planner & Head of Client Services","advice@advancewealth.co.uk","generic","https://www.advancewealth.co.uk/meet-our-financial-advisers","Senior wealth planner and head of client services at Advance Wealth, Broomfield, Chelmsford","","2026-07-22",""
"Shirley Smith & Co Ltd","B","Chartered accountancy with corporate finance / M&A advisory","South Essex (Chelmsford)","South Woodham Ferrers","","","https://www.shirleysmithco.co.uk","no","Trevor James Smith","Director","info@shirleysmithco.co.uk","generic","https://find-and-update.company-information.service.gov.uk/company/03716958/officers","40-year Essex accountancy firm offering mergers, acquisitions & disposals alongside audit/tax; offices in Chelmsford and South Woodham Ferrers (site returned 403, directors verified via Companies House)","","2026-07-22",""
"Shirley Smith & Co Ltd","B","Chartered accountancy with corporate finance / M&A advisory","South Essex (Chelmsford)","South Woodham Ferrers","","","https://www.shirleysmithco.co.uk","no","Daniel Keith Baxter","Director","info@shirleysmithco.co.uk","generic","https://find-and-update.company-information.service.gov.uk/company/03716958/officers","Director at Shirley Smith & Co, Essex accountancy firm with a corporate finance / M&A advisory service","","2026-07-22",""
"Buckley Watson","B","Chartered accountancy, audit & tax","South Essex (Chelmsford)","Chelmsford","","11-50","https://buckleywatson.co.uk","no","Craig Ewins-Jones","Director (Chelmsford office)","","","https://buckleywatson.co.uk/people/","Independent Essex chartered accountancy/audit firm (40+ staff); Craig Ewins-Jones is the director based at the Chelmsford office","","2026-07-22",""
"Buckley Watson","B","Chartered accountancy, audit & tax","South Essex (Chelmsford)","Chelmsford","","11-50","https://buckleywatson.co.uk","no","Spencer Watson","Managing Director & Founder","","","https://buckleywatson.co.uk/people/","Founder/MD of Buckley Watson, independent chartered accountants with Chelmsford and Leigh-on-Sea offices","","2026-07-22",""
"Rock Wealth (Chelmsford)","A","IFA / investment management","South Essex (Chelmsford)","Chelmsford","CM1 1HT","","https://rockwealthchelmsford.co.uk","no","Dylan Ellis","Director & Financial Planner","dylan.ellis@rockwealth.co.uk","published","https://rockwealthchelmsford.co.uk/","Evidence-based, fixed-fee financial planning & investment management firm at Saxon House, 27 Duke Street, Chelmsford","","2026-07-22",""
"Norfolk Wealth Management","A","Wealth management / financial planning (SJP)","Norwich (wider ring)","Thorpe St Andrew","NR7 0EP","","https://www.norfolkwealthmanagement.co.uk/","no","Daniel Hurren","Financial Adviser","","","https://www.norfolkwealthmanagement.co.uk/","Small Thorpe St Andrew advice practice; Appointed Representative of St. James's Place Wealth Management (The Old School, School Lane).","","2026-07-22",""
"Gascoynes","B","Chartered accountants / tax","Norwich (wider Norfolk)","Wymondham","NR18 0SW","","https://gascoynes.co.uk/","no","Mark Thurston","Director (heads Norfolk branch)","mark.thurston@gascoynes.co.uk","published","https://gascoynes.co.uk/contact/norwich/","Mark Thurston (BFP ACA) is the chartered accountant who heads up the Wymondham/Norfolk branch of this Suffolk-Norfolk firm.","","2026-07-22",""
"ML Financial Associates","A","IFA / financial planning","Norwich (wider Norfolk)","Wymondham","NR18 0SW","","https://www.mlfinancialassociates.co.uk/","no","Simon Lister","Director","info@mlfa.co.uk","generic","https://www.mlfinancialassociates.co.uk/","Independent advisers with 70+ years' combined experience; office at The Main Barn, Elm Farm Business Park, Wymondham.","","2026-07-22",""
"ML Financial Associates","A","IFA / financial planning","Norwich (wider Norfolk)","Wymondham","NR18 0SW","","https://www.mlfinancialassociates.co.uk/","no","Craig McClurg","Director","","","https://www.mlfinancialassociates.co.uk/","Co-director of Wymondham-based FCA-regulated IFA firm.","","2026-07-22",""
"One Broker","B","Insurance broker (commercial & personal lines)","Norwich (wider ring)","Thorpe St Andrew","NR7 0HR","","https://onebroker.co.uk/","no","Scott Jarvis","Broking Director","","","https://onebroker.co.uk/about-us/leadership/","Independent broker (HQ Nautilus House, St Andrews Business Park) with offices in Norwich, Cambridge, Colchester & Diss.","","2026-07-22",""
"One Broker","B","Insurance broker (commercial & personal lines)","Norwich (wider ring)","Thorpe St Andrew","NR7 0HR","","https://onebroker.co.uk/","no","Stuart Brown","Branch Director","hello@onebroker.co.uk","generic","https://onebroker.co.uk/about-us/leadership/","Branch Director at One Broker's Norwich head office.","","2026-07-22",""
"Warners Financial Services","A","Financial planning / mortgages / estate planning","Norwich (wider Norfolk)","Wymondham","NR18 0AJ","~14","https://warnersfs.co.uk/","no","Keith Hood","Managing Director & Adviser","keith@warnersfs.co.uk","published","https://warnersfs.co.uk/about/","Family firm at 1 Market Street, Wymondham; ~200 years combined experience across a 14-strong team.","","2026-07-22",""
"Warners Financial Services","A","Financial planning / mortgages / estate planning","Norwich (wider Norfolk)","Wymondham","NR18 0AJ","~14","https://warnersfs.co.uk/","no","Jill Pullin","Director, Warners Estate Planning","jill@warnersfs.co.uk","published","https://warnersfs.co.uk/about/","Runs the Warners Estate Planning arm of the Wymondham practice.","","2026-07-22",""
"Insight Financial Associates","A","IFA / wealth management","Norwich (wider ring)","Hellesdon","NR6 6BF","50-100","https://www.insightifa.com/","no","Daniel Appleton","Director","","","https://www.insightifa.com/company/meet-the-team/","One of East Anglia's larger IFA firms; ~50+ advisers based at Insight House, Norwich International Business Park.","","2026-07-22",""
"Insight Financial Associates","A","IFA / wealth management","Norwich (wider ring)","Hellesdon","NR6 6BF","50-100","https://www.insightifa.com/","no","Mike Phillips","Director","","","https://www.insightifa.com/company/meet-the-team/","Director at Norwich-HQ independent financial advice firm.","","2026-07-22",""
"Eastfield Accountants","B","Chartered certified accountants","Norwich (wider ring)","Blofield","NR13 4RR","","https://eastfieldaccountants.co.uk/","no","Mark Noakes","Director / Principal","","","https://eastfieldaccountants.co.uk/contact/","Small Blofield Business Centre practice (run by Mark & Tom) specialising in tax planning, business advisory & bookkeeping.","","2026-07-22",""
"Grant Matthewson","B","Chartered certified accountants","Norwich (wider Norfolk)","Wymondham","NR18 0PN","","https://www.grantmatthewson.co.uk/","no","William Gallop","Director","mail@grantmatthewson.co.uk","generic","https://www.grantmatthewson.co.uk/about-us","Wymondham Business Centre practice serving SMEs & individuals across Norfolk; site returns anti-bot 403 but corroborated via ICAEW/Companies House.","","2026-07-22",""
"Grant Matthewson","B","Chartered certified accountants","Norwich (wider Norfolk)","Wymondham","NR18 0PN","","https://www.grantmatthewson.co.uk/","no","Laura Gallop","Director","","","https://www.grantmatthewson.co.uk/about-us","Co-director (Wymondham) of the family accountancy practice.","","2026-07-22",""
"Somerville Financial Services","A","Financial services (Somerville Group)","Norwich (wider ring)","Thorpe St Andrew","NR7 0LB","","https://www.somerville.co.uk/","no","","","enquiries@somerville.co.uk","generic","https://www.somerville.co.uk/contact/","Norwich (Broadland Business Park, Bankside 300) office of Somerville Group; HQ in Sudbury, Suffolk so named directors are Suffolk-based.","","2026-07-22",""
"Loveday & Partners","A","Wealth management / financial planning","Norwich (wider ring)","Thorpe St Andrew","NR7 0WG","11-50","https://lovedayandpartners.com/","no","Mark Loveday","Founder / Director","mark@lovedayandpartners.com","inferred","https://lovedayandpartners.com/contact-us/","Independent wealth manager at Lakeside 500, Broadland Business Park (11-50 staff); family firm. [email pattern: firstname@lovedayandpartners.com]","","2026-07-22",""
"Loveday & Partners","A","Wealth management / financial planning","Norwich (wider ring)","Thorpe St Andrew","NR7 0WG","11-50","https://lovedayandpartners.com/","no","Simon Loveday","Director","","","https://lovedayandpartners.com/contact-us/","Co-runs the Broadland Business Park independent wealth-management firm.","","2026-07-22",""
"Chadwicks","A","Chartered financial planners / wealth management","Norwich (wider ring)","Cringleford","NR4 7TJ","","https://www.chadwicks.co.uk/","no","Lee Nguyen","Associate Director (Chartered Financial Planner)","","","https://www.chadwicks.co.uk/team/","Independent chartered financial planners at The Enterprise Centre, Norwich Research Park (registered office Mangreen, NR14 8DD).","","2026-07-22",""
"Andrew Parker Associates","B","Accountancy practice","Norwich (wider ring)","Taverham","NR8 6HW","","https://www.a-parker.co.uk/","no","","","","","https://www.a-parker.co.uk/","Taverham (Unit 7, Beech Avenue Business Park) practice for individuals, sole traders, partnerships & limited companies; website rendered empty to fetcher but firm corroborated via Companies House & directories.","","2026-07-22",""
"Quinneys Chartered Certified Accountants","B","Chartered certified accountants & business consultants","Norwich (wider ring)","Hellesdon","NR6 5DR","","https://www.quinneys.info/","no","Bill Quinney","Founder / Principal","","","https://www.quinneys.info/","Established 1989 by Bill Quinney; based at Saxon House, Hellesdon Park Road.","","2026-07-22",""
"Acorn Wealth Management Group","A","IFA / wealth management","Norwich (wider ring)","Poringland","NR14 7XP","","https://www.awmg.co.uk/","no","Ian Howell","Director / Owner (IFA)","","","https://www.awmg.co.uk/","Independent Poringland IFA at Crafton House, Rosebery Business Park; advises on pensions, investments, business & family protection.","","2026-07-22",""
"Fairhead Bradford","B","Chartered accountants / audit & tax","Norwich (wider Norfolk)","Ketteringham (Wymondham)","NR18 9RS","~12","https://www.fairheadbradford.co.uk/","no","","","","","https://www.fairheadbradford.co.uk/about-us/","Small Norfolk chartered firm with a registered-auditor practice at Ketteringham Hall, near Wymondham (also Great Yarmouth & Stalham offices).","","2026-07-22",""
"Barratt & Cooke","A","Stockbroking / investment management","Norwich (city centre)","Norwich","NR1 3DW","","https://www.barrattandcooke.co.uk","no","William Barratt","Chairman","williamb@barrattandcooke.co.uk","published","https://www.barrattandcooke.co.uk/our-team/","One of the UK's oldest independent stockbrokers (founded 1880), c.GBP1.5bn funds under management, based at 5 Opie Street.","","2026-07-22",""
"Barratt & Cooke","A","Stockbroking / investment management","Norwich (city centre)","Norwich","NR1 3DW","","https://www.barrattandcooke.co.uk","no","Sam Barratt","Chief Executive Officer","samb@barrattandcooke.co.uk","published","https://www.barrattandcooke.co.uk/our-team/","Independent private-client investment manager for charities, trusts and pension funds; LSE member firm.","","2026-07-22",""
"Barratt & Cooke","A","Stockbroking / investment management","Norwich (city centre)","Norwich","NR1 3DW","","https://www.barrattandcooke.co.uk","no","William Mellor","Investment Director","williamm@barrattandcooke.co.uk","published","https://www.barrattandcooke.co.uk/our-team/","Investment Director at a long-established Norwich stockbroker; email pattern firstname+lastinitial@barrattandcooke.co.uk.","","2026-07-22",""
"SG Wealth Management","A","Wealth management / financial planning","Norwich (city centre)","Norwich","NR3 3SA","","https://www.sgwealthmanagement.co.uk","no","Henry Gaskin","Managing Director","","","https://www.sgwealthmanagement.co.uk/about-us/meet-the-team","Award-winning Chartered Financial Planners at 53-57 St Martin's Lane; chaired by Dr Andy Wood OBE.","","2026-07-22",""
"SG Wealth Management","A","Wealth management / financial planning","Norwich (city centre)","Norwich","NR3 3SA","","https://www.sgwealthmanagement.co.uk","no","David Tooley","Director of Client Advice / Chartered Financial Planner","","","https://www.sgwealthmanagement.co.uk/about-us/meet-the-team","Chartered Financial Planner and Director of Client Advice at an independent Norwich wealth manager.","","2026-07-22",""
"Smith & Pinching","A","IFA / wealth management","Norwich (city centre)","Norwich","NR3 2RY","","https://www.smith-pinching.co.uk","no","Carl Lamb","Managing Director","","","https://www.smith-pinching.co.uk/contact-us/norwich/","Chartered firm providing independent financial advice for over 50 years, based at 295 Aylsham Road.","","2026-07-22",""
"Smith & Pinching","A","IFA / wealth management","Norwich (city centre)","Norwich","NR3 2RY","","https://www.smith-pinching.co.uk","no","Scott Pinching","Financial Director","","","https://find-and-update.company-information.service.gov.uk/company/01471683","Long-serving Financial Director of the Smith & Pinching group.","","2026-07-22",""
"Almary Green","A","IFA / financial planning","Norwich (city centre)","Norwich","NR3 2RY","~23","https://www.almarygreen.com","no","Carl Lamb","Managing Director","","","https://www.almarygreen.com/","Established Norwich IFA (c.23 staff); shares its NR3 2RY base and MD Carl Lamb with Smith & Pinching (likely same group - dedupe if approaching once).","","2026-07-22",""
"Investing Ethically","A","IFA / ethical financial planning","Norwich (city centre)","Norwich","NR3 2AW","","https://www.investing-ethically.co.uk","no","Phil Cockrell","Director & Chartered Financial Planner","","","https://www.investing-ethically.co.uk/our-team/","Chartered financial planners founded in 2000 on Quaker ethical-investment principles, at 31 Whiffler Road.","","2026-07-22",""
"Investing Ethically","A","IFA / ethical financial planning","Norwich (city centre)","Norwich","NR3 2AW","","https://www.investing-ethically.co.uk","no","Andy Hockaday","Director & Chartered Financial Planner","","","https://www.investing-ethically.co.uk/our-team/","Director and Chartered Financial Planner at a specialist ethical-investment IFA run democratically by its directors.","","2026-07-22",""
"RockWealth","A","IFA / chartered financial planning","Norwich (city centre)","Norwich","NR3 1DD","","https://www.norwichifa.co.uk","no","Matthew Frary","Director","norwich@rockwealth.co.uk","generic","https://www.norwichifa.co.uk/","Evidence-based-investing IFA at St Georges Works, 51 Colegate; part of rockwealth LLP.","","2026-07-22",""
"GreenSky Wealth","A","IFA / financial planning","Norwich (city centre)","Norwich","NR3 3AD","","https://greenskywealth.co.uk","no","Paul Holiday","Director (Founder)","","","https://find-and-update.company-information.service.gov.uk/company/07103441/officers","Whole-of-market chartered IFA at 72 St Augustines Street, founded 2009.","","2026-07-22",""
"GreenSky Wealth","A","IFA / financial planning","Norwich (city centre)","Norwich","NR3 3AD","","https://greenskywealth.co.uk","no","Andrew Crawford","Director (Founder)","","","https://find-and-update.company-information.service.gov.uk/company/07103441/officers","Co-founder director of a truly independent Norwich financial-advice firm.","","2026-07-22",""
"Premier Financial Group","A","IFA / mortgages & investments","Norwich (city centre)","Norwich","NR1 1RY","","https://premierfinancialgroup.co.uk","no","Ian Goody","Managing Director","","","https://premierfinancialgroup.co.uk/meet-the-team/","Family-run, directly FCA-authorised IFA at Independent House, 18-20 Thorpe Road.","","2026-07-22",""
"Premier Financial Group","A","IFA / mortgages & investments","Norwich (city centre)","Norwich","NR1 1RY","","https://premierfinancialgroup.co.uk","no","Angela Goody","Finance Director","","","https://premierfinancialgroup.co.uk/meet-the-team/","Finance Director of a family-run Norwich independent financial advice business.","","2026-07-22",""
"Roberts Mackie Winstanley","A","IFA / financial planning","Norwich (city centre)","Norwich","NR1 1UH","","https://www.rmw-ifa.co.uk","no","","","","","https://www.rmw-ifa.co.uk/","Independent financial advisers since 1994 at Jonathan Scott Hall, Thorpe Road; specialise in pensions and lifetime planning.","","2026-07-22",""
"Brancaster House Financial Planning","A","IFA / financial planning","Norwich (city centre)","Norwich","NR1 3DY","","https://www.brancasterhouse.co.uk","no","Shane Julian","Joint Managing Director","","","https://www.brancasterhouse.co.uk/","Norwich IFA at 30 Cattle Market Street, led by joint MDs Shane Julian and Nick Halls.","","2026-07-22",""
"Brancaster House Financial Planning","A","IFA / financial planning","Norwich (city centre)","Norwich","NR1 3DY","","https://www.brancasterhouse.co.uk","no","Nick Halls","Joint Managing Director","","","https://www.brancasterhouse.co.uk/","Joint Managing Director with over ten years at the firm.","","2026-07-22",""
"Seeker Financial Planning","A","IFA / financial planning","Norwich (city centre)","Norwich","NR3 1HF","","https://www.seekerfinancial.co.uk","no","Trevor Griffin","Director","","","https://www.seekerfinancial.co.uk/","Financial planning firm based at Samson & Hercules House, 15 Tombland (relocated to Norwich in 2024).","","2026-07-22",""
"Jones Financial","A","IFA / financial planning","Norwich (city centre)","Norwich","NR2 4SF","","https://jonesfinancial.co.uk","no","","","","","https://jonesfinancial.co.uk/","Independent financial advisers at 9 Bank Plain advising individuals and businesses across Norfolk.","","2026-07-22",""
"GLX","B","Chartered accountants / advisory","Norwich (city centre)","Norwich","NR1 1UA","","https://www.glx.co.uk","no","Jack Presland","Managing Director","info@glx.co.uk","generic","https://www.glx.co.uk/the-team/","Independent chartered accountants at 69-75 Thorpe Road specialising in outsourced finance-director and advisory work.","","2026-07-22",""
"GLX","B","Chartered accountants / advisory","Norwich (city centre)","Norwich","NR1 1UA","","https://www.glx.co.uk","no","Graham Lewis","Founder","info@glx.co.uk","generic","https://www.glx.co.uk/the-team/","Founder of a Norwich accountancy practice known for in-house finance directorships.","","2026-07-22",""
"M+A Partners","B","Chartered accountants / tax","Norwich (city centre)","Norwich","NR1 4DJ","90+","https://www.mapartners.co.uk","no","Alistair Fish","Partner","alistair.fish@mapartners.co.uk","published","https://www.mapartners.co.uk/about-us/the-partners/","Independent Norwich chartered accountants since 1917 (10 partners, 90+ staff) at 7 The Close.","","2026-07-22",""
"M+A Partners","B","Chartered accountants / tax","Norwich (city centre)","Norwich","NR1 4DJ","90+","https://www.mapartners.co.uk","no","Chris Dugdale","Partner","chris.dugdale@mapartners.co.uk","published","https://www.mapartners.co.uk/about-us/the-partners/","Long-standing partner; email pattern firstname.lastname@mapartners.co.uk.","","2026-07-22",""
"M+A Partners","B","Chartered accountants / tax","Norwich (city centre)","Norwich","NR1 4DJ","90+","https://www.mapartners.co.uk","no","Scott Lindsay","Partner","scott.lindsay@mapartners.co.uk","published","https://www.mapartners.co.uk/about-us/the-partners/","Partner at a century-old independent Norwich accountancy firm.","","2026-07-22",""
"Aston Shaw","B","Chartered certified accountants / tax","Norwich (city centre)","Norwich","NR1 1BY","","https://astonshaw.co.uk","no","Dominic Shaw","Director","","","https://astonshaw.co.uk/about/norwich/","Norwich chartered certified accountants since 1969, in the iconic Union Building, 51-59 Rose Lane.","","2026-07-22",""
"Aston Shaw","B","Chartered certified accountants / tax","Norwich (city centre)","Norwich","NR1 1BY","","https://astonshaw.co.uk","no","Mark Noakes","Director","","","https://astonshaw.co.uk/about/norwich/","Statutory director; firm has a simple careers page (astonshaw.co.uk/careers) but no ATS portal identified.","","2026-07-22",""
"Accountants etc","B","Accountancy / tax","Norwich (city centre)","Norwich","NR2 2PE","","https://accountantsetc.com","no","James Churchill","Managing Director","","","https://accountantsetc.com/","Low-cost accountants and tax advisers for SMEs at 127 Unthank Road, led by MD James Churchill.","","2026-07-22",""
"Norwich Accountancy Services","B","Accountancy / tax","Norwich (city centre)","Norwich","NR3 1RB","","https://www.yournorwichaccountants.co.uk","no","Jonathan Hook","Director","","","https://find-and-update.company-information.service.gov.uk/company/07413254/officers","Owner-managed Norwich accountancy practice at 19 Upper King Street, led by director Jonathan Hook.","","2026-07-22",""
"JHW Business Services","B","Chartered certified accountants","Norwich (city centre)","Norwich","NR1 4DS","","https://jhwbusiness.co.uk","no","Christopher Vines","Director","","","https://find-and-update.company-information.service.gov.uk/company/12115678/officers","Chartered certified accountants & business advisers at 13 The Close.","","2026-07-22",""
"JHW Business Services","B","Chartered certified accountants","Norwich (city centre)","Norwich","NR1 4DS","","https://jhwbusiness.co.uk","no","Adam Pearce","Director","","","https://find-and-update.company-information.service.gov.uk/company/12115678/officers","Director of a small Norwich chartered-certified accountancy firm.","","2026-07-22",""
"Waveney Insurance Brokers","B","Insurance broking","Norwich (city centre)","Norwich","NR1 3NX","","","no","Mike Cox","Director","","","https://find-and-update.company-information.service.gov.uk/company/00823736","Commercial insurance broker established 1964 at 5 Surrey Street (site not directly rendered; firm corroborated via Companies House, active).","","2026-07-22",""
"Leathes Prior","C","Law firm (corporate & commercial)","Norwich (city centre)","Norwich","NR1 4DR","~100","https://www.leathesprior.co.uk","no","","","","","https://www.leathesprior.co.uk/services/corporate-and-commercial","Full-service Norwich law firm (15 partners, just under 100 staff) at 74 The Close with a dedicated corporate & commercial team.","","2026-07-22",""
"Cozens-Hardy","C","Law firm (corporate & commercial)","Norwich (city centre)","Norwich","NR1 3DP","","https://www.cozens-hardy.com","no","Dan Evans","Principal (Corporate & Commercial)","dwevans@cozens-hardy.com","published","https://www.cozens-hardy.com/team","Corporate & commercial principal at an award-winning Norwich law firm, Castle Chambers, Opie Street; email pattern firstname+initial+lastname@cozens-hardy.com.","","2026-07-22",""
"Cozens-Hardy","C","Law firm (corporate & commercial)","Norwich (city centre)","Norwich","NR1 3DP","","https://www.cozens-hardy.com","no","Simon Whipp","Principal (Corporate & Commercial)","wswhipp@cozens-hardy.com","published","https://www.cozens-hardy.com/team","Corporate & commercial principal advising sole traders, partnerships and companies.","","2026-07-22",""
"Clapham & Collinge","C","Law firm (business services)","Norwich (city centre)","Norwich","NR1 3GA","","https://www.clapham-collinge.co.uk","no","","","info@clapham-collinge.co.uk","generic","https://www.clapham-collinge.co.uk/contact-us/","Norwich LLP at St Catherines House, All Saints Green with a business-services team (commercial property, litigation, employment).","","2026-07-22",""
"Hansells","C","Law firm (corporate & commercial)","Norwich (city centre)","Norwich","NR3 1RE","","https://www.hansells.co.uk","no","","","","","https://www.hansells.co.uk/business-services/commercial-law/","Norwich law firm established 1827 with a corporate & commercial team at Cambridge House, 26 Tombland.","","2026-07-22",""
